2.2106,0.72988,-1.4983,0.90419,0.06763
-1.5401,0.77293,0.20309,-1.5301,-1.6974
0.020868,0.2391,0.11385,-0.11784,0.52047
-1.1688,-0.30961,-1.8456,-0.84932,-0.43862
1.4163,0.19791,1.2449,-1.2458,-1.705
0.75694,0.68258,-1.8096,1.0116,-1.6898
-0.08206,0.19666,1.1825,-0.88123,-1.3309
-0.018452,-0.66484,-1.7526,-0.7549,-1.5984
-0.49344,-0.65161,-2.7613,-1.234,1.1738
0.1877,0.63832,0.41849,-2.7884,0.51102
-0.40085,-1.7524,-1.0058,-0.97023,0.74969
-0.43439,1.2519,-2.3726,-0.30995,-0.84843
1.6147,1.012,1.4832,-0.92837,-2.767
0.64435,1.1597,-2.3692,2.7282,1.2166
2.0507,0.60677,-0.62861,-1.1989,-1.0089
-0.80223,0.84907,1.3404,-1.9731,-0.38313
2.3793,0.38393,0.03365,2.6187,1.5665
-0.43691,0.3571,2.0236,1.3537,-0.16606
0.12242,0.23626,1.0243,0.79011,-1.8256
-0.41902,1.097,0.79288,-2.2479,2.0024
-0.62757,-0.064105,1.2417,1.063,0.19727
-0.46259,-0.82717,1.4429,-0.40951,-0.38056
-0.98922,-1.8545,1.6504,0.64747,-0.715
-0.13501,0.66289,-2.0485,0.1259,-0.89196
0.28491,-0.1643,-0.37141,-0.3054,-1.0374
0.88448,-0.3272,0.71336,-0.19849,0.36529
-0.40033,1.007,-0.97414,1.1807,-0.86902
-0.11895,-0.70794,1.115,-1.6237,-0.70883
2.0238,1.0997,0.37519,-0.27966,0.87754
-0.78487,-0.3862,-1.9323,0.65348,1.4198
1.9997,-0.0006369,-0.59254,-1.1631,-0.065106
0.78622,0.17914,0.412,-0.46686,-2.0651
-1.6156,0.71739,-0.92647,0.46835,0.80049
-1.2379,-0.88883,1.1177,-0.22736,-1.9036
0.40769,0.93805,-0.55205,0.5868,-1.4715
-0.43977,-0.087634,-0.75418,1.0799,3.4503
-1.2553,-1.1163,1.9662,-0.65222,-1.841
0.92621,-0.81574,1.419,0.43422,-1.2608
-0.32766,-1.1753,-1.492,1.711,3.1307
1.4719,0.12509,-0.57049,-0.81438,-1.7065
0.29737,0.5797,-0.44985,-1.3547,1.3676
0.73172,-1.4282,0.51775,-0.79871,0.86533
0.15514,0.87797,1.5619,0.8117,-1.3077
0.81541,-0.32079,-2.0876,0.1334,-2.105
-0.66405,1.0462,0.34946,-1.0696,-0.24764
-1.4967,-0.81068,1.5857,1.1496,-0.75342
-0.93988,0.65678,-0.75388,0.21947,-1.2155
2.0023,0.6792,1.0272,-1.0065,-0.19055
-0.66456,0.7165,-1.0004,1.9516,3.4453
0.45463,0.97796,-1.0658,0.27512,0.56797
0.29397,-0.33979,1.4932,-1.226,-0.33231
-1.1412,-1.5427,-0.67925,1.6724,0.086612
-0.72948,0.16178,-1.0041,0.23595,-1.7944
1.4087,-0.72379,0.75988,-0.19999,-0.41737
0.86207,1.1438,0.93455,2.7589,1.5491
-0.91048,1.7776,-0.48957,1.846,-0.21345
-0.43864,-0.20622,2.5681,-0.98938,-0.44056
-0.41656,-0.40093,2.1547,1.2411,1.1626
0.79909,1.3475,-0.59599,0.54205,0.83345
1.0431,-1.7387,0.23028,-0.15901,-1.4
0.095852,-0.25794,1.6942,1.2687,3.0219
0.85213,-1.1697,0.5867,1.4855,-1.3424
-0.42644,2.1722,0.16468,-1.427,-0.47184
0.45604,-0.81926,0.23434,1.3661,-0.87541
0.57418,-0.58515,0.26674,1.0644,1.9027
-0.36793,1.2035,-0.70953,0.70153,-1.1672
2.1279,1.5195,2.6032,-1.0301,1.26
0.027134,-0.037828,2.2528,0.9422,-0.11377
0.74683,1.4779,0.10073,3.2172,0.58961
-0.6795,-0.655,2.1154,-1.5672,-2.0366
-0.94914,-0.81795,-0.50279,1.3147,1.3634
0.16264,0.38845,-1.7381,-0.22961,3.7213
0.66163,-0.76112,0.80162,-0.74108,-1.3851
0.090737,-0.072245,-0.041148,1.3429,1.2217
-1.8939,-0.62234,-0.036448,0.77433,-1.3115
0.90865,-0.21146,-0.72038,0.3318,-1.7015
-1.0558,-1.0445,1.1402,0.16857,0.768
0.17088,-0.98432,0.81841,2.1849,2.7509
-0.2248,2.2756,-0.26639,0.64408,0.31683
-0.20731,0.28471,-0.7184,-0.020941,-0.38369
-1.0108,-0.48498,-0.23756,-0.96074,2.9024
-0.58088,-1.0031,-0.73285,-0.12817,-2.3581
0.51657,-0.21589,1.331,-1.1622,0.71461
0.55627,-0.94258,-0.13105,1.629,0.8811
1.1888,0.6165,-0.17209,-1.3463,0.25103
-0.39273,0.075011,1.1624,-0.65854,-0.25963
-0.1368,-1.1517,-0.58583,1.2211,-0.54749
-0.41416,-1.1579,0.68238,-1.1275,-1.0776
-1.6502,-0.53144,0.46549,0.80054,-0.90286
1.1836,-0.65128,-1.1422,2.3464,2.0966
0.77256,0.94874,-0.39221,-1.5226,-0.30912
1.9708,0.46847,1.2718,1.099,1.8661
-0.72132,0.049083,0.89811,-0.096482,1.7029
0.5355,0.27802,0.91205,-1.9988,-1.9398
-0.43948,-0.908,-0.66174,-2.0895,0.21383
1.549,0.46904,-1.1138,-0.52034,0.76224
0.78478,0.0034199,-1.25,-0.31536,-1.7297
-0.31617,-0.82429,1.5739,-1.8191,-3.9496
-0.82317,2.1533,0.090147,0.55601,-0.63011
-1.7629,0.83013,-0.54517,-1.6972,-0.25987
0.10871,1.0255,0.91603,0.31834,-0.92089
1.2804,0.78726,0.10583,1.2331,1.1916
-0.55906,0.50422,-0.03332,0.22684,-2.5821
0.41277,0.51037,0.072346,0.2709,1.0002
1.8099,-0.046496,0.063318,-2.0418,0.63928
1.055,2.6836,0.51844,1.7883,0.70925
-1.4194,0.52398,-0.86761,-0.59771,1.1737
-1.2333,0.29392,1.7574,-2.8428,-3.4956
0.57863,-0.90136,0.42758,1.2579,1.4512
0.48379,-0.86638,0.38587,1.4403,0.9066
0.31226,0.30697,0.70139,1.5333,-5.7754
0.25387,-0.14798,-0.52444,1.09,1.9014
1.4758,0.21052,1.1549,-0.76322,1.0626
0.91535,1.1917,1.0185,0.68454,0.74326
0.24896,-0.2118,0.36961,1.2194,0.21306
-0.36687,0.57453,1.0922,-0.96985,-0.62256
-0.98009,0.011512,1.4856,1.1626,-0.2964
1.106,1.4891,0.34064,1.0394,2.613
-0.50987,-0.19251,-0.44312,2.224,-1.4959
-0.54341,0.33832,0.13348,1.1814,0.47664
0.25867,0.6092,1.0129,0.53935,0.01499
0.19542,1.1469,-0.70097,-0.38817,2.6039
1.6534,-2.2792,-0.7717,-0.58042,1.1096
-0.70348,0.21447,-2.3879,-2.1815,0.80186
1.6125,-1.1282,1.6359,-1.7769,-0.578
-0.77026,-0.080571,-2.0187,0.20888,-2.2443
0.61093,2.142,-1.153,-0.96498,-1.0162
-1.228,-0.36893,0.49765,-2.5695,-1.7297
0.91978,1.8724,0.42779,1.7245,0.2165
0.37963,-1.4435,-0.50308,-0.83777,-0.8632
-0.35961,0.6191,-0.29289,1.355,-3.234
0.18771,1.7072,-0.37649,1.1597,1.6502
0.78134,-1.3067,-0.096298,-0.84648,-0.22845
0.87644,0.51116,1.2159,-0.74288,0.91379
0.14401,0.99118,-0.61994,-1.2906,1.1668
0.46923,-0.56761,-0.32901,-0.96246,-0.83449
-1.7272,-1.0536,-2.2015,0.17701,-1.1995
0.37031,0.47884,0.74593,-2.0265,-0.6625
0.79644,-1.0609,0.97963,1.3514,-1.961
0.039018,0.8712,0.18536,3.5776,0.94003
1.0126,-1.4827,-1.3505,0.46363,-3.1468
-0.61811,1.355,1.6534,-1.0893,0.91229
-0.052443,-0.43689,0.30423,1.2205,3.5547
0.59036,0.74205,-0.91786,2.015,0.45572
-1.6789,0.49721,2.1448,-1.6082,-2.0922
-2.3243,-0.12039,0.69879,1.5327,1.7609
1.0726,0.34977,0.54614,-1.2279,1.177
1.5177,-0.27854,0.5708,-0.49506,-0.87807
-1.518,1.966,-1.1544,0.80461,1.1004
-0.57324,0.84823,-0.033085,-2.4317,-3.0762
-0.24421,0.4877,-0.3709,-0.93339,-1.4175
2.6343,2.3034,-0.32006,0.27119,0.25276
0.053597,-1.053,0.97794,1.0433,-1.3073
-1.2704,-0.87201,-0.59768,1.0575,-0.59405
0.73674,-0.28189,0.17446,-3.0049,2.1557
-0.811,-0.60511,1.1192,0.69304,1.6682
-0.99947,-2.0387,-2.138,2.4498,1.3609
-1.7497,-0.028325,-0.036537,-2.1108,-3.5306
0.42989,0.25886,-0.37233,0.19539,-0.76594
-0.3842,0.058326,0.45977,0.94364,1.9256
-0.44431,-0.14533,1.4267,1.0928,-0.7694
-0.51797,1.2093,1.5036,1.4163,0.47409
0.63905,-0.8905,-0.56012,1.3046,0.91992
-1.056,0.28629,0.019336,-0.21659,0.74605
-0.19954,0.9495,1.6386,0.60225,1.2169
-0.85336,-0.79116,1.6453,1.4711,0.93716
-0.96395,-0.057069,-0.83711,1.9461,0.59446
0.20618,-1.5997,1.2281,-0.71167,0.5975
-0.43074,0.35933,-2.1382,1.878,1.8587
-1.1954,-0.62963,-0.93308,-1.5757,1.7165
0.27723,0.51069,1.2578,-0.78279,-0.78636
1.7863,-1.0396,0.23097,0.066942,0.7534
0.91686,0.56099,0.17418,0.86762,-0.95037
0.43583,-2.1465,-1.5896,-0.75093,0.18219
-0.28745,-0.76574,0.84688,-1.9886,1.2936
-0.26675,0.23317,0.85722,0.20896,0.78896
-2.9362,0.018854,0.59936,-0.82359,0.32211
1.0665,0.24629,0.625,0.20186,-2.8657
-0.24995,0.63064,-0.020551,1.1235,-0.62166
0.23568,-0.91301,0.025795,1.1951,0.46506
0.08915,0.24791,0.03364,-1.4553,0.37229
-1.0694,-1.2664,2.2041,0.28988,0.94928
-0.41384,-0.079698,0.62193,0.62328,0.46021
0.68116,1.2092,-0.1478,0.94707,-1.9044
-0.6036,-1.5394,-0.20119,-0.94852,-1.3977
-0.02123,-0.92519,2.018,0.071396,0.72825
-0.67921,0.58762,-0.2092,0.36988,1.1124
1.7517,0.015791,0.95461,1.858,-0.57982
-1.2051,-0.11667,-0.073809,-0.35502,-0.39097
-0.66916,-0.50825,0.817,1.9726,2.5215
2.2558,-0.51669,-0.92687,-1.4022,-0.63277
1.1305,-1.0331,1.874,2.0242,-1.2563
1.6623,-1.6542,-1.0118,2.1804,1.46
-0.16479,0.36939,0.070282,-0.8786,-2.2617
1.3282,-0.28074,1.1451,2.7981,2.2049
1.3377,0.62977,-0.82243,-1.0183,0.76697
-0.41078,-1.6451,1.2684,-0.14704,-0.39589
-1.5306,-0.36176,-0.12999,1.9074,1.6722
0.33836,0.27794,-2.2252,-0.62923,-1.297
0.16223,-0.81593,1.3167,-0.35997,-0.92188
-0.63332,0.70706,-0.65844,3.0696,1.3399
1.1155,-0.7992,0.5455,-0.95088,-1.6137
0.35722,0.054141,0.72122,-0.6263,-1.3143
-0.29189,1.8077,-0.22566,0.84912,3.1337
0.12075,0.37419,-0.22232,-0.6833,-1.5982
0.57706,1.2991,0.49402,-0.75974,-2.252
-2.4183,-0.3551,-0.38193,1.1702,1.4808
0.078373,-1.2821,0.66331,1.8608,-0.72034
-2.3896,0.40981,0.042381,-0.05502,0.22331
-2.4937,1.6222,0.52114,1.2717,1.2037
-0.033779,-0.34102,0.39515,1.3075,0.61549
1.9038,-0.076498,0.98763,1.3409,-0.54388
-1.2112,-0.072917,1.6903,1.3505,-0.054504
0.1812,-0.10408,0.7057,0.048365,0.060897
-0.19702,0.63824,0.99546,0.16371,1.0345
-0.86764,0.91335,-2.26,0.76582,1.587
-0.96996,0.58829,-0.26084,-1.1714,-0.92125
-0.33786,-0.81488,-1.3415,-0.0032656,0.079567
-1.9345,0.41969,-0.83387,-0.69657,0.33137
0.49625,0.58146,0.12681,1.6148,-1.62
-1.8931,0.60489,0.43291,0.57743,-1.1966
-0.71734,0.90007,1.1629,-0.17743,0.15804
0.84726,-0.14599,-0.6736,1.5408,0.5234
1.1791,1.0467,-1.1177,1.9221,1.6692
-0.053975,0.19451,-0.21295,-1.64,-1.2338
-0.6166,-0.85952,2.2544,-0.80238,3.2264
1.0176,-0.67615,-1.3033,1.0681,1.8209
-1.3054,-0.014651,-1.2533,-0.42221,-1.6784
0.98474,0.9154,-1.1523,-0.080243,-1.593
-2.207,0.043402,-1.004,-2.1781,0.76706
0.16705,-1.7296,0.37384,0.85549,0.53839
1.7214,-1.3033,-0.16248,-0.61834,-1.4461
-0.6085,-0.55956,1.7721,1.2873,-3.2545
0.80209,1.7222,-0.10329,1.6683,1.6846
-0.51018,-0.044843,0.013373,-0.34206,1.2688
1.1788,-1.1409,0.12352,1.4545,1.2812
0.2423,-0.17252,-1.6504,-0.75694,1.4761
-0.67824,1.6247,1.6487,-0.22537,2.4236
-0.28944,-0.85478,1.1614,0.60549,2.0457
0.25156,-0.039569,0.28632,-0.32967,-1.4085
1.5069,0.76537,0.084336,-0.6837,0.33637
0.032127,0.41949,0.73652,0.1786,0.33216
0.30115,1.7603,-0.3162,2.117,0.82002
0.032545,2.0538,0.60278,-1.8956,0.094351
-0.62495,-0.94552,-1.2304,-0.17315,-0.49133
0.75164,-0.69606,-0.55291,-1.1659,1.9221
-0.42265,-0.73332,-1.1898,-0.14236,-2.4209
-1.0081,-0.060905,0.306,0.64048,-1.6286
1.549,0.55115,0.29413,-1.0456,-2.4161
-1.1974,-0.58751,0.64607,1.0448,-0.65223
-1.1203,-0.27229,-0.82236,1.8121,0.38373
-0.43577,2.2575,-0.048116,-1.2541,0.23351
-0.25351,1.2015,-0.14133,1.6018,0.29846
-0.81975,-0.27728,0.64176,0.64554,1.8276
1.9685,0.74486,1.0068,0.43887,-1.5015
0.65274,2.5495,1.2708,0.95024,0.4147
-1.5577,0.61809,2.0632,2.037,0.92392
-1.6268,-2.2799,-0.58409,1.0664,0.4837
0.33905,-1.2872,-1.563,0.38946,-0.30722
-1.9416,-0.658,1.8465,0.89861,1.4066
0.25201,-1.0525,2.6341,3.9605,1.4909
-0.39636,1.5167,-0.039248,1.3898,0.24442
0.32643,-0.21432,2.4449,1.618,-0.31218
-0.14809,1.031,1.7304,3.141,3.7922
-0.0063731,0.59954,0.97312,0.90721,3.0397
-0.92814,0.56884,1.2434,0.77244,2.7961
-0.80032,-0.7348,0.41169,1.2297,1.1299
-0.59235,0.92465,1.6762,1.2472,0.78068
-0.76532,-1.5085,0.074873,1.4839,0.048841
0.28275,-0.39056,0.30721,-1.2866,0.69678
-0.49862,-0.44421,-1.0226,1.9721,-1.0663
0.25427,0.22878,-2.6765,0.033851,2.8366
0.0015692,-0.13796,-0.29325,-2.9682,0.37873
0.2034,1.9938,0.42822,-0.006702,1.8
0.43626,1.1868,-0.42316,0.29587,-1.4844
-0.99517,1.4618,-1.3157,-0.62301,-2.7858
0.87562,-0.78549,-0.34855,-1.5943,-0.93276
0.10572,0.88348,0.65501,-1.3135,0.52432
-0.78002,0.47339,-1.0462,0.6668,0.9491
0.64075,-0.92237,-0.26782,-0.74853,-0.45471
-0.12909,-1.3595,-1.3643,0.7576,-0.85437
-0.94621,-1.0534,0.89922,1.1784,0.91761
0.163,-0.51695,-0.42481,-0.0041272,-2.5712
-1.0681,1.0592,-0.89552,-1.2161,0.59256
0.58943,-2.1826,0.61898,0.78986,-0.11732
-0.94328,-1.1797,-1.7972,0.94657,0.35394
-1.7651,1.321,-0.48781,-0.055989,-1.0765
-2.7704,-1.5715,0.4534,-0.84151,0.060363
0.055792,1.1851,1.4682,1.5625,0.22429
0.61024,1.3914,-0.53593,2.9443,0.19643
1.0502,-0.34399,1.5592,0.92986,-2.2656
0.67304,-1.3098,2.22,0.17799,1.959
2.5824,0.61502,2.0083,1.7411,4.4523
-0.15239,-0.088038,-0.5687,0.01814,0.44415
0.11258,-0.34724,-0.41411,-0.37421,-1.152
1.3641,1.2447,-0.013044,-2.3052,2.2103
-0.10027,1.6003,-2.2497,-0.8231,1.3613
-1.0794,-1.4186,-0.99777,-2.9221,-0.13676
0.84263,-0.18905,-0.77319,-1.6967,-1.0867
-1.5276,-0.048641,-2.9066,-2.9075,-0.21403
0.18886,1.3768,-0.063035,-1.8956,-2.1553
1.5977,2.1759,-2.7604,0.09373,-0.7453
0.46977,-1.7662,-0.22086,-1.1966,-2.3816
-1.1216,0.59419,-1.1207,-0.018152,-0.50363
0.088123,-2.4234,0.46879,-0.46395,0.91589
-0.44172,0.17718,1.2857,1.6163,0.43512
-0.4539,0.092034,0.10109,1.4532,0.30136
2.0494,-1.8357,1.8385,-0.23357,-0.19745
-1.9753,0.2271,0.10651,1.1434,2.9818
0.46866,-0.35611,0.10557,0.11418,0.4643
-1.0145,-2.0745,0.23388,-0.80549,-0.82119
-1.3509,-0.33565,1.1414,-0.64573,1.3387
-0.90336,-0.37224,1.3156,0.0017535,0.65606
0.5823,-0.93567,0.35144,0.65054,-1.8113
-0.40453,-0.89298,-0.036713,1.39,0.68457
0.94003,-0.057954,-0.32365,0.94779,0.2075
0.94145,0.20226,0.23154,0.69633,2.2527
-0.29701,-0.33983,-2.4831,0.47203,1.1592
1.1079,0.67407,0.80925,-2.1158,-0.064999
1.7052,0.44164,2.0494,0.38747,0.64178
-0.20953,-0.93427,-2.7547,0.97009,-0.74606
0.34555,-0.85534,-0.081204,-1.1339,-1.8152
-0.73919,0.55247,1.5757,-2.0903,0.34935
-1.706,-0.76596,0.047085,1.2529,0.65924
-1.008,-0.47906,1.0566,0.05207,-1.1883
-0.70782,0.36507,0.81367,0.75523,-3.26
0.522,-0.080676,-1.3825,0.64758,2.038
-0.49285,-0.082741,1.7153,0.59665,-0.099827
-0.10764,0.12451,-0.43983,1.958,0.55764
-0.62394,0.40017,-0.16005,-1.3127,1.3877
-0.37791,0.19177,0.96047,1.157,1.1037
-1.1153,1.1769,0.024766,1.581,2.3418
0.24212,1.8733,-0.11269,0.57604,-1.798
0.55912,-0.4154,0.28662,-1.3224,0.15798
0.097178,0.51918,0.22052,2.5214,0.81985
0.66609,-1.4103,0.86835,-1.0175,0.9841
-0.38169,-1.1544,1.2627,2.3309,-0.17915
-0.79378,-1.0245,-0.79514,2.2871,1.8881
0.96671,-1.3652,1.1195,-1.129,0.13858
0.12589,-0.83066,-1.1631,-0.4747,2.6845
-0.52518,0.25418,-1.0917,-0.16113,2.6101
-1.4089,0.88394,-0.187,0.1533,-1.1953
0.95072,-0.55916,-0.59839,0.38319,-0.93456
0.70956,0.50122,0.41255,0.046142,1.2372
-0.42332,1.3188,-0.83672,1.2006,0.17521
0.011197,0.43584,0.33625,-0.75772,1.1901
0.46211,1.2128,-0.056546,0.57365,1.0388
-0.31053,-0.8158,1.6159,0.71036,1.9707
0.2143,-1.372,0.03976,2.1087,-0.97786
0.38716,-1.0799,0.22081,-1.1046,0.057206
0.93198,-0.86204,1.3287,0.96069,-0.059639
0.13195,0.23939,0.32407,1.6977,1.9493
-0.35747,0.79367,-0.37916,-0.69392,0.14935
0.44183,0.52101,-1.0271,-2.2346,1.1049
1.9447,1.1435,0.23504,-0.72261,4.248
0.83624,-1.7217,-0.070922,0.8152,0.072671
1.0283,2.4605,-1.197,0.29569,-2.4493
0.070126,-0.22282,0.055247,-1.8244,1.582
-1.0696,-0.028249,-2.0497,1.616,0.70199
-0.41558,-0.296,0.047315,-1.4238,-0.52513
0.41449,-0.25466,-0.49534,-1.5981,-2.1967
-1.6726,-0.86962,-0.96558,-0.80781,2.082
0.72367,-0.4548,-0.5211,-0.23175,-1.5515
0.12755,1.104,0.25968,0.42347,-1.6408
0.99525,-1.883,-0.04345,1.0942,-2.8564
-1.8362,1.3428,0.15878,-0.29156,-0.65902
-1.4227,0.58166,0.41865,-1.782,-0.43052
0.12377,0.13754,1.1665,1.7922,1.2224
0.51787,0.62872,-2.0235,1.4095,1.4279
-1.397,-0.33776,2.5995,1.4521,-1.6773
-0.32868,0.10766,1.5287,1.6699,2.5861
-0.54893,0.072619,-1.2762,2.4218,0.10314
0.46433,0.64326,1.983,0.12369,2.2931
-1.88,-0.49073,0.56292,-0.84321,1.06
0.26444,0.17133,1.4025,-0.66274,4.533
-0.17034,0.47474,-0.12445,1.1504,0.62835
0.28884,0.28304,-0.25831,0.43807,-2.0155
0.18689,0.13988,1.6618,-0.070489,-3.4806
1.4449,1.115,-0.23624,1.2374,1.7125
1.1821,1.0229,0.89187,-1.7322,0.60997
1.6748,-0.39936,0.86271,-0.50493,0.079304
1.1801,0.76032,-1.1073,0.192,1.0799
-1.235,0.50621,1.498,-1.2039,-0.3758
-1.819,-0.19466,-0.18378,0.83843,-0.56803
-0.67599,1.16,-0.83964,-1.4239,-1.0591
-1.0772,-1.6815,-0.18209,0.62584,-0.95246
0.26416,-1.2236,0.44757,1.7962,0.9713
1.0844,-2.0986,1.1783,0.27115,-1.1575
-0.58167,-0.28817,0.67406,2.0258,-0.87226
1.16,-0.41053,0.97331,-0.55402,2.3456
-0.17196,-1.2097,2.3181,1.5375,0.78926
0.18295,-1.245,1.5214,1.8764,1.7444
0.61261,1.0475,0.16201,-0.35532,-0.6875
-1.076,-0.55439,-0.20167,-0.64971,1.4335
0.55754,0.36004,0.62578,0.0015818,1.6918
1.0522,0.28871,0.77231,0.049644,1.1382
1.7265,-0.36135,0.11979,1.0452,0.53191
-0.29322,-1.2847,-0.26098,-1.33,0.12422
1.4182,0.96465,0.3378,-0.18938,-0.29465
0.068298,0.42772,1.0888,-2.614,0.34466
0.32231,-1.9083,0.19795,1.1514,-2.5976
1.0211,-0.19002,-1.8613,-2.639,-1.7566
-0.64908,1.6764,-0.31404,-0.51037,-1.7167
0.79121,-0.46319,-0.57532,-0.78925,2.2162
-0.62945,0.096262,0.35122,-1.0966,-2.9351
-0.68982,0.66303,1.244,2.2131,0.00019021
0.071176,-2.0267,1.6513,0.59109,-0.93822
0.46197,-0.87117,1.9889,2.0886,0.50968
-0.4211,-0.98509,-0.51333,1.9669,0.83637
0.29505,0.099296,0.40845,-0.19539,1.6804
-0.23831,1.0705,0.98518,1.7947,1.7924
-1.8912,-0.27449,-1.2496,1.8134,2.2541
1.5043,0.58007,1.2118,-1.17,-0.99426
-1.5835,-2.0661,1.6968,0.29563,1.9765
0.66705,-1.1173,-0.49523,2.6896,2.1406
-0.90594,-0.37699,1.3988,-1.3402,-1.775
-0.31843,-1.0761,0.18517,0.8738,-1.9909
1.4926,0.95134,-0.10054,-1.5194,2.7732
-1.1793,1.7655,0.32483,1.9058,-1.8484
-0.09556,0.77738,-0.87149,-1.3611,-0.63591
-0.84308,0.11813,1.8169,-1.344,0.26129
0.23026,0.59529,-0.73089,2.7133,1.421
-1.1024,-0.82196,-0.55949,-1.4843,-0.60817
-1.5014,1.2018,1.361,0.45232,-1.4063
-0.23706,0.63377,0.36241,1.3255,4.25
1.0184,-1.551,-0.50039,0.51844,-1.6933
0.20838,-0.098753,-0.0092541,0.22412,-0.72637
0.34747,-0.49201,1.041,0.19,1.2538
-0.15365,0.26401,0.79235,0.0033574,1.4747
-0.29514,1.2263,0.29313,1.8799,-1.3603
0.654,0.3412,-1.6796,-0.51278,-0.52891
0.021236,1.2666,-0.30902,-1.4448,1.3537
-0.059636,1.0904,-0.866,0.72998,0.41091
1.3835,1.4442,-3.1677,0.67578,-1.438
-0.9197,1.146,-1.6699,-0.97238,-2.896
1.2306,0.90697,1.182,-0.71893,-1.1565
1.203,0.39416,-0.45183,1.7213,-0.39275
0.35275,1.4092,0.37267,-0.56695,-1.957
-0.66949,-0.25015,1.9564,-0.34051,-2.7835
0.71768,0.55646,1.7541,-0.61507,0.86707
0.76549,1.8973,2.7049,1.0354,-0.032055
-0.38306,1.212,1.1483,1.929,0.1718
-0.17096,-0.077288,2.1037,0.77536,-1.1016
0.27813,1.3041,0.16463,-0.30251,1.2325
-0.71669,1.7718,1.5213,1.7582,2.6882
0.63959,-1.1592,-1.5675,0.0070212,3.3256
2.5203,1.2738,0.66211,-2.2572,0.1443
0.38479,-0.15734,1.4161,0.23504,-0.36174
-0.25711,0.4542,-0.59233,-0.48095,-0.4136
1.3738,-0.91221,0.58938,-2.2972,-1.7594
-0.11262,-0.3474,-0.2574,-0.9795,2.3977
-0.90973,0.78523,-1.2811,-1.1328,0.27421
-0.15963,0.40958,-0.55548,-2.0425,-2.1695
0.20562,-0.32224,-1.0952,-0.42641,-0.53624
-1.9894,-0.2582,-0.80477,0.79666,0.85798
-0.17537,-0.35325,-0.77801,-1.3137,-1.2632
-1.6891,1.4861,0.53208,-0.23607,-0.11196
0.92811,0.046539,-1.7424,1.5235,1.1329
-0.76589,-1.7983,0.41375,-2.894,0.57184
0.72208,-1.508,-0.48008,1.4852,-0.23881
-0.82123,-1.1163,1.1313,0.8545,2.2157
-1.3212,-0.3763,0.52306,0.61327,-4.4874
-1.208,1.1581,-0.05673,0.46707,0.36817
1.2077,1.2119,0.66889,1.2944,1.8083
0.55057,0.64421,-0.04647,1.4904,0.58002
-2.1593,0.91657,1.6118,0.5622,0.3147
0.1716,-0.90304,0.99734,-1.3701,-0.0043881
-1.9038,-0.51957,0.27936,0.8348,1.2904
-0.3986,0.030564,0.12212,1.898,-1.2796
0.5789,-0.25296,1.1796,2.0136,0.55498
-1.4681,0.3901,0.32618,2.1651,0.23049
0.18786,-0.64627,1.6409,0.31329,2.2143
0.34042,1.5943,-0.070333,-0.097295,1.7107
-0.30904,0.6464,0.22437,1.9131,1.5436
-0.47476,-0.2838,-0.77422,-0.73844,2.4081
1.3185,0.67891,0.74765,-0.65403,-1.1412
-1.2666,-1.8472,1.9898,-0.6759,2.4105
0.086939,-0.77771,-0.31206,1.2734,1.1372
0.77573,1.2003,-1.7911,-2.4714,-1.0737
1.0845,1.3126,-0.53607,-0.62543,0.65198
0.17156,-0.5586,-0.027539,-0.27153,1.8243
0.039181,-1.7322,0.64039,2.009,-2.2386
0.046468,-1.0303,1.0418,-1.5779,-0.99582
0.8582,2.0107,0.48159,0.19871,-0.46591
-0.5004,-1.0475,0.2759,-0.13994,1.4659
-1.0178,-0.15843,0.0306,-0.61286,-1.4138
-1.3145,-0.044352,-0.17999,0.10908,0.19056
-1.2711,-0.68368,-0.94237,-0.15661,-0.0048372
0.23376,-1.2544,0.98803,0.66036,-0.29674
1.0296,1.3628,-0.22643,1.4039,-0.77925
-1.1046,0.82079,0.74988,0.68851,0.54797
1.5025,0.9807,-0.76955,0.9853,0.43475
-0.70702,1.9252,-0.26574,-1.0963,-0.1372
1.0013,-2.3904,1.6803,1.129,1.5736
0.43956,-1.0439,-0.78685,0.1746,0.9849
0.28501,-0.79343,1.6791,0.61895,-0.40211
-0.41211,0.088033,1.1889,-1.2342,0.78612
-1.5536,-0.0049438,0.29685,-0.33809,-0.65417
-0.79808,-0.85475,-0.086056,-0.16603,0.61542
-1.7824,-0.2111,0.27191,0.50011,0.010816
-0.94135,0.14574,-0.95029,1.2102,0.061793
-0.89644,1.784,0.6612,-0.90287,-0.26322
0.45789,0.19678,0.26342,1.7671,2.1685
0.16845,-0.35967,-1.0347,0.49015,1.3651
1.0921,1.3428,2.6479,0.99439,-0.74412
0.051032,0.15075,0.4852,1.8067,-0.27174
-0.23239,-0.1241,0.44418,1.09,1.0589
-0.21333,0.63435,0.93277,-0.26739,-1.9108
0.78083,-0.082606,0.68196,0.17134,0.9768
0.84035,-0.29348,0.92365,-0.022519,0.79078
0.85828,0.015199,-1.2069,-0.11843,-0.71661
-0.63697,-1.2412,0.94579,-2.2546,1.1336
-0.20193,0.09343,2.1568,0.7604,2.0359
-0.43739,-0.86458,-0.47105,0.31867,1.8877
-0.55815,0.25651,-1.8907,1.0162,-3.3786
-1.373,1.7703,0.76761,-1.8193,0.81709
1.1717,-0.050198,0.10794,-0.38765,0.33203
-1.8949,0.50276,-0.15219,-0.41874,0.82304
0.87441,1.6683,-0.030178,-0.54111,-2.8373
-0.17044,1.7351,-0.75404,-0.40153,0.31735
-0.18077,0.57352,-0.21351,0.36184,-0.093767
1.1453,0.34005,1.9187,-1.0882,-1.6523
-0.34281,0.18998,1.327,1.3746,1.0626
1.0305,-0.98711,-1.2684,-1.2548,0.39387
-1.2536,1.0981,-1.4303,-0.8452,-1.0327
-0.48695,0.45104,-0.88504,0.28719,4.1375
0.75226,-1.1911,0.39017,-0.95153,-0.56886
-0.045664,-0.86384,0.31548,1.5728,-2.2347
0.296,0.91774,0.49991,0.38398,0.60874
-0.84634,-1.9461,-0.37001,1.4401,-1.4544
-0.75845,-0.13931,0.56382,-0.66531,0.38344
-1.4116,-0.97854,0.4407,-1.4187,2.3481
-0.77113,0.66891,1.3069,-0.66869,1.6007
-1.0089,0.092884,0.4601,-0.22495,-0.24638
0.81466,0.20064,1.3342,0.53468,-1.1508
-0.27462,-0.078355,-0.2139,2.967,-0.43444
-1.1382,-2.3666,0.34372,0.65954,-1.8629
0.29711,-0.1588,0.0616,-1.3081,-1.7124
1.6179,0.39467,0.068678,-0.25339,3.7171
0.69578,0.48164,1.5686,0.49033,1.1668
0.54349,-1.4609,0.9864,3.2916,-0.11229
-0.99665,-1.0387,0.93875,0.17477,0.48926
-1.7773,-0.30793,0.041324,0.40344,-0.67698
1.1658,0.21935,0.90466,-0.767,4.1804
-1.4957,0.72731,-0.9629,1.1499,-0.39303
1.5205,-0.48807,-1.5459,-1.0646,0.47984
-0.93603,0.74552,-0.52579,-1.502,-0.37525
0.22211,1.3642,1.1581,-0.54068,1.9701
-0.29667,0.66579,-0.99714,0.55871,-0.25818
-0.034646,0.051303,1.6169,0.75728,-0.98971
0.47925,0.13806,-0.23478,1.3539,-0.34996
0.099247,0.68902,-0.54026,0.42555,1.4632
-0.83842,-0.67601,-0.74222,-1.2651,2.0358
-0.17758,-1.5454,0.096187,0.31145,0.47195
0.54735,0.31896,-0.07968,0.17368,1.8107
0.72837,1.0324,2.1289,-0.3665,0.36729
1.1566,-1.2537,-1.0472,0.068566,0.96272
-0.20923,-0.83187,-2.1356,-0.3579,2.3928
0.14292,0.85839,1.1192,-0.6068,-0.69205
1.3256,0.18017,-0.87407,-0.32301,-0.15157
1.0472,0.61477,-2.2859,-0.41877,0.16397
-0.91873,-1.2958,0.14296,-1.4231,0.8033
-1.2474,0.68123,-1.2397,-0.45593,2.0094
-0.42108,0.81139,-0.40444,-2.5174,0.7746
0.12853,0.87883,-0.4033,0.21143,-0.90956
1.1462,0.74056,0.81979,-0.1394,-0.89032
-0.4432,1.2695,0.47136,0.83971,-2.2771
-0.17879,0.027548,0.71926,2.4343,0.80128
0.16654,-1.1205,1.0281,-0.25561,-0.79635
0.48625,2.2204,0.49286,1.31,0.13765
0.020773,0.50094,-1.0919,1.3007,4.1508
0.0057201,-1.3211,-2.3439,0.32799,-1.7824
-0.10856,0.38826,-1.4107,-1.1444,1.8967
-0.24963,-0.76994,-0.036669,-1.2838,2.6846
0.63172,-1.0748,0.87258,0.76754,-0.34166
-1.0472,1.6714,1.0324,0.004097,-2.1908
-0.17189,-0.62356,0.070317,1.3779,-2.0703
-0.30875,3.062,0.0017401,1.5681,1.3971
0.11843,0.43946,-0.69448,0.23157,0.42866
0.42371,0.10244,1.2578,-1.4084,1.61
-0.29126,-1.5228,1.4526,2.3038,1.3983
-0.057141,1.2874,-2.4247,1.483,0.5346
0.42947,1.057,0.98651,0.66402,-2.397
-0.84794,0.13192,0.33485,0.91183,2.3261
1.1114,-1.3559,0.76879,-1.1934,1.6336
0.53743,-2.6594,0.13833,0.81181,1.0126
0.18022,-0.56206,-0.7144,-1.3619,0.71269
-1.0632,0.018976,-0.81937,-1.9437,0.21865
0.49094,0.38596,0.49697,-1.1882,2.5224
1.5721,-1.6591,-0.53496,-0.65916,-0.79752
0.82171,1.3911,1.6753,0.42064,-2.3024
0.60997,-1.7646,0.90459,0.74083,0.76373
0.92408,-0.43536,-1.5362,1.2307,0.95466
-1.5254,0.46082,-0.76057,-1.7731,-0.59909
1.3509,0.386,-0.52244,-1.181,1.7299
0.25778,1.2672,-0.30516,-0.61048,2.3091
1.8801,0.020373,-0.13129,0.79792,-1.8324
-1.4189,0.070774,0.42654,-0.78911,-2.7949
-1.0814,-1.3082,0.16616,-0.65285,-0.23292
0.64061,0.17337,0.62051,-2.5125,-0.089567
-0.2922,0.66745,-1.5582,3.2159,-0.69921
-0.16652,-1.2029,-1.6775,1.3651,1.9274
-0.058926,0.52192,1.2051,-0.77261,-1.1532
-0.17618,-0.22437,-0.8718,2.4733,3.3192
-0.33528,0.60092,1.1359,-0.19051,0.9141
0.80438,0.79028,1.1242,-0.17359,-1.7206
0.12885,0.52695,-1.8406,-0.31826,1.2989
0.023244,-0.96254,1.2262,-1.5166,-1.3547
1.0832,0.39971,-1.395,0.82197,0.84257
0.8112,-0.91027,-0.75259,-1.3201,-0.20009
1.3765,0.89308,-0.94666,-0.80608,-1.6237
-0.50704,-0.63834,-0.0014637,-1.4554,1.5829
1.7236,0.098771,1.0772,-2.0716,-2.3765
-0.15613,-0.51666,-1.5645,-0.68656,0.9541
0.083601,0.27642,-4.2262,-1.7402,-0.45514
1.2808,-0.37501,-0.14943,-4.5387,-0.81379
0.52824,0.32178,0.70423,0.88255,-0.56666
-1.4638,1.3151,-0.87523,1.254,-1.3491
-1.4503,-1.0599,-0.37234,-0.58994,-3.3009
-0.086042,0.95934,0.18332,-0.54208,0.85769
0.56771,-0.03299,-2.2753,-1.72,1.4368
0.56454,-0.80481,0.23087,-0.59048,-0.18777
-1.0346,-1.0032,0.075911,0.69635,-0.45048
0.17461,-1.2332,-0.65783,-0.20197,-0.1865
0.44656,-1.0421,-0.29979,-2.3276,0.42995
1.2549,-0.49097,0.93899,1.3595,0.1385
1.2137,1.04,-4.3634,2.2167,-1.1275
-0.46756,0.5779,1.1641,-2.9868,-1.2116
0.53115,-0.16681,0.39514,0.43226,0.2264
-0.37207,-1.8336,-1.4319,-1.4861,3.4557
1.3983,1.3271,0.2975,-2.045,-2.277
1.7463,-1.4625,0.247,0.84506,0.33837
-1.9011,0.78741,-1.9566,1.5183,-0.42248
-1.3846,-0.9379,0.73502,-2.2445,0.13872
0.88939,-0.42946,1.6952,0.22545,0.92566
-1.8015,-0.22518,-0.65338,2.1012,1.5931
-0.55982,-0.99729,-1.3659,0.13329,-1.6493
-1.2205,1.2642,-0.83932,-3.4769,-0.88114
0.63424,-2.2154,1.8668,-0.93735,2.5267
0.84655,1.7958,-1.7342,3.2166,-1.0311
2.8483,-2.2444,-0.98597,-0.25755,-3.5286
0.71624,-0.99649,1.6302,-0.41388,-0.88296
0.10789,0.10546,2.112,1.2986,1.9292
1.4151,-2.0912,0.35892,-1.686,0.14589
-0.70525,-0.2032,-0.56701,-0.13319,0.32055
0.42634,1.2595,-0.89014,-0.15376,1.1896
1.4595,-0.28954,-0.010806,-1.1596,-2.242
0.45269,0.21878,-0.56608,0.28469,1.4926
0.77015,0.095778,-0.83545,-0.97587,0.1653
1.4919,0.69497,-1.2344,-1.8406,-1.6125
-0.13311,0.88949,0.14156,-0.41549,0.21184
0.15421,0.96151,-0.87463,-2.1906,-0.9985
-0.26848,1.9452,-0.46919,-1.0719,-1.3015
0.54302,-2.2864,0.76054,-1.0203,-0.81951
1.5588,0.28077,-1.5939,-1.6258,-0.8299
-1.3334,-1.3341,0.5383,-0.033858,-1.3826
0.76838,-2.1418,0.077601,1.049,1.3903
-3.4952,-0.11882,0.46352,-1.3304,-1.2408
0.3384,1.7254,0.16713,0.32398,0.78637
-0.59306,-1.3534,1.1144,0.24814,1.3439
-2.1137,-1.2046,-0.12841,2.6864,-2.2018
2.3838,0.46285,-0.86991,0.10478,1.1348
0.25572,-0.3201,0.20839,-1.07,0.86828
0.13912,0.76131,1.2632,-0.67837,3.8228
-0.96692,0.10259,-1.9874,-0.3526,0.13321
-1.6079,-0.7614,0.47753,-0.46107,-1.4132
0.22851,-0.23675,-1.1985,1.122,1.1321
-0.56533,-1.2312,-0.27392,-0.26827,-0.48505
0.53626,0.67821,-0.74728,2.1011,-1.5881
-2.2055,0.90479,1.1759,-0.51773,1.5195
0.51226,0.032436,0.69747,0.18106,-0.27687
1.1274,0.34782,-0.77716,-0.54679,1.3051
0.44348,-0.10564,-1.9413,2.3754,0.66834
1.7196,0.089281,-1.2237,-1.671,0.085369
-1.1929,-1.3423,-0.12423,-0.23477,1.3507
0.15517,-2.4401,1.4989,-0.045886,3.1517
-0.31092,0.13254,-1.5939,-1.3506,-1.7105
0.033882,-0.86587,0.53593,-1.7202,-0.19906
0.12875,-0.39629,-1.4009,-1.0151,-1.6397
-0.82267,0.11048,-1.7016,-0.76766,0.14367
-0.74409,-1.2074,-0.97849,-3.3652,-0.85822
1.7078,0.32406,0.17609,-0.74452,-1.8594
1.709,0.29966,-0.3649,0.74636,0.0092918
-0.96654,-0.36799,-1.2975,0.34036,-2.4655
-0.17004,0.089166,-1.2373,-2.7571,-0.71992
-1.3923,0.38072,-0.2064,-2.6462,1.3275
-0.12553,-0.22092,-0.87662,-1.5027,0.72774
-1.601,-0.70354,-1.7943,-0.75284,-2.359
-1.2987,0.31624,-0.1933,-0.23825,-1.8569
0.073063,-0.57247,-1.5285,0.96393,-2.6826
-0.60785,-0.92367,-0.33698,-0.96921,-1.215
-0.26981,-0.16623,-0.59102,-0.50839,-0.032026
0.88344,-0.73207,-1.3326,-0.74136,2.1779
-0.47681,0.083825,0.66858,-1.0206,-3.4363
-0.71187,-2.0849,0.044177,-1.7031,1.7591
-0.43788,-0.46838,-1.6848,0.10425,-1.4624
0.30814,-0.099713,0.62763,-0.22811,-1.0837
1.2565,1.0442,-0.54267,1.165,-0.42168
0.61708,0.56651,0.18923,-0.63278,0.31634
-0.68552,0.23972,1.3202,1.6491,0.94139
-0.13816,-2.3811,-0.98102,0.71469,-0.31358
-0.42646,-0.0012941,1.3252,-0.88778,-1.4568
0.34809,-1.4719,2.0652,-0.8339,1.8224
-1.4962,-0.63717,-1.8513,1.1413,1.4777
0.80622,0.56461,-0.21087,-0.45232,-0.7102
-0.43091,1.9653,-0.30751,-0.99317,-0.72471
-1.3199,0.61353,0.70396,-1.8441,0.61585
-0.055879,-0.3573,0.32914,1.6003,-1.3613
0.44307,0.29768,0.34089,1.2674,-0.44989
-0.30646,-0.97306,-0.0078202,2.0157,-1.1306
0.228,-0.32549,1.5226,0.0074397,1.7386
-0.43585,1.2313,2.1452,0.90119,1.6433
-1.0302,0.32383,-1.0398,1.8421,2.0631
0.47108,1.7697,0.35332,-2.4126,0.19383
-2.0029,0.29537,1.607,1.7991,1.5965
0.50976,1.1567,0.55289,1.7989,2.5225
-1.99,0.62608,2.6306,-0.47555,-2.274
1.5369,1.5387,-0.49199,2.9163,1.4922
-0.47671,1.1258,-0.93117,-2.1292,0.060241
-0.79383,1.3794,0.4935,-0.70763,-0.16993
1.153,0.29769,-1.4594,0.40593,2.7678
-1.1456,-0.027987,-0.54355,-0.51132,-2.2094
-1.3054,-2.8245,-0.33922,0.17771,0.22922
-0.28087,0.20927,-0.65825,1.0399,-1.3261
-0.2052,0.23185,1.1877,-0.048708,-0.81365
-0.61983,0.52667,0.15705,0.4615,-1.284
0.25271,-0.49408,-1.8302,0.031422,1.6968
0.092889,-2.5871,0.40556,-0.55952,0.007651
-0.24729,0.80858,-0.60523,1.4245,0.18666
1.3896,-0.23905,-0.17435,1.4993,1.0686
-2.321,-0.61311,-0.81418,-1.3958,0.070677
0.79184,0.32221,1.2094,-0.049407,2.0463
0.26269,-0.57606,-1.6202,1.8328,1.1168
-0.27453,1.1031,-0.24824,2.3921,-0.15749
-0.39768,0.018309,-0.63932,-0.43819,-0.82367
0.09609,-0.57105,0.30228,-0.80026,0.82178
-2.2664,-1.535,-1.5529,1.9227,2.2012
-1.4244,-2.4326,-0.82367,-1.4826,0.37877
0.98791,-1.5686,-0.031145,-0.79287,-0.59311
-0.28915,0.261,2.4731,-0.3012,1.1223
-0.25517,0.10368,-2.256,0.87672,-2.3267
-0.12216,-0.77604,-0.82479,0.20204,-2.1102
1.021,1.3252,0.45456,-0.32118,0.22541
-0.42621,-1.5176,0.26611,0.70023,0.022516
-0.28768,0.011586,-0.89509,0.75621,0.72534
0.21498,2.5309,1.3166,-2.126,-1.0285
-0.2392,-0.26134,-0.47109,2.2717,2.2387
1.0811,-0.21787,-2.5379,-0.87634,0.80818
0.10956,0.72224,0.59569,-2.8315,-2.7297
-0.76937,-1.7239,-0.44677,-0.14541,2.1048
-0.22352,0.76779,-0.47483,-1.4019,-0.7683
1.0489,1.4874,-0.37113,1.037,-2.9551
-1.5589,-2.0599,-0.45049,-0.43846,0.8683
0.0080264,0.72375,-1.5543,0.4982,-1.0435
0.49581,1.3231,-0.19271,-0.73726,0.80855
-0.48556,0.26093,0.21065,2.1435,0.21428
0.82643,-0.38055,-1.087,1.2097,1.3723
1.3903,-0.59066,-0.36494,-0.86191,-1.2519
0.052524,0.25094,-0.35577,-1.3344,1.9075
-0.9172,-0.28952,0.93643,-1.4684,2.8426
1.2303,1.3074,-0.14178,-0.14058,-0.7358
0.020666,-0.83393,-0.18775,-0.045125,-0.77229
-0.47928,-1.2151,-0.91529,0.27367,-3.169
0.32847,0.94353,0.15655,-1.7008,1.0877
1.1032,-1.1564,-1.1663,-0.81597,-0.99212
0.32553,1.311,1.0105,1.035,1.4721
-1.5543,0.54597,0.050642,0.66026,-1.2775
0.65675,0.15425,0.78146,-0.48171,-0.61236
-0.54528,-1.151,0.4673,1.2181,0.53137
-0.050679,-0.27959,0.99882,0.77369,1.5877
-0.93407,1.734,-0.70157,-0.06654,-1.1554
1.3801,0.26441,-1.0966,-0.47983,1.5649
1.5757,-1.0137,-1.3111,-0.77355,2.0216
0.052847,0.27442,-1.3004,0.52,0.48093
-0.28515,-0.59443,-1.8212,-1.6826,-0.3685
-0.44408,-0.20639,-1.338,-2.093,-0.5979
0.58093,0.34634,-0.14043,-1.1662,0.49365
-1.0315,-0.34299,-1.0793,0.49954,0.58398
-0.035072,2.1085,-1.5684,-1.3857,-1.9977
0.77765,0.50133,-2.7638,-2.0738,-1.4811
-0.14739,-3.4265,0.44002,-0.7238,1.1454
0.50288,0.23872,-0.43605,-0.64664,-0.4929
0.57619,0.33047,-0.27707,-0.43337,-3.3782
-0.15739,0.81096,0.1925,0.70096,-2.5651
-0.88494,1.2658,-1.5074,-0.84359,-1.5328
-1.2296,0.58524,0.91299,-0.73428,-1.5335
0.38964,-1.5911,-0.44322,0.59025,-0.24332
0.85672,-1.1644,1.423,1.6895,-0.2741
-0.17069,-0.02027,0.27589,2.8378,0.02539
-0.60451,-0.52499,0.57059,-1.5973,-1.3778
-0.38612,-2.0422,0.85429,-1.5294,1.4478
0.22566,1.2428,-1.3893,2.0583,3.201
0.84857,1.0791,0.1992,-0.00684,-1.5998
-0.82218,0.76669,0.27135,1.6297,-1.4884
0.80416,1.4992,1.2643,-1.2552,1.1587
0.39838,0.06328,-0.031381,1.2352,2.2553
0.65742,-0.11956,0.66112,-0.30158,1.5136
0.33226,1.2833,1.2546,-1.3614,-0.4388
-1.1371,-0.20138,0.24161,1.3323,1.0514
0.35154,-1.3875,-1.7272,1.0882,-1.33
-0.66552,-0.5837,0.058009,-1.4859,-0.34533
-0.33401,0.58033,-0.19734,1.3313,0.74902
1.8514,0.2397,-0.75973,0.44452,1.0252
-0.68245,-1.0098,0.15654,0.63196,-1.7295
0.19501,0.8334,-0.85881,1.1865,0.73264
-0.81834,-1.2113,1.8329,-3.8611,1.9884
0.45573,0.040257,0.23,0.39381,1.3048
-0.068584,-0.086324,-2.4993,-2.0508,1.2966
-1.9364,0.49805,-0.14432,-2.2371,-3.472
0.60731,0.5946,0.46702,-2.1111,0.036013
-0.95714,0.17744,-1.7716,-1.7221,-3.7504
1.5837,1.2172,-0.084173,-0.33795,-2.2888
-0.41558,-0.98562,0.10447,0.095735,-1.4836
0.019487,0.57682,-0.015648,-0.041915,-1.0082
0.61731,0.083676,0.39329,0.33102,-0.7361
-0.84385,0.095683,-0.28228,0.79677,1.5467
0.3532,0.034281,0.93548,1.0627,0.25608
-0.21515,0.91934,0.76969,1.4176,2.4903
0.28654,1.2199,2.1017,1.1533,0.45502
-0.17633,0.26332,-0.55102,0.48953,1.554
-1.6833,-0.11725,-2.7593,-0.3993,0.7354
-0.9259,-0.28605,-0.28815,-3.098,0.16135
-0.098114,-1.2583,1.2652,1.0523,0.17187
0.47664,0.69485,-1.6923,2.6158,-1.0524
0.48671,0.10199,1.0876,-1.7625,-1.3849
-0.85394,-1.4305,-0.37958,0.90494,-1.6505
-0.80729,1.6204,-1.0289,-0.46733,4.6619
0.7193,0.19799,0.29254,-0.49526,-2.2011
1.6569,0.8147,-0.27284,-0.058446,1.6424
1.3539,-0.5815,-0.072661,-0.3019,-0.32642
-0.48318,-0.47053,-2.4114,-0.58912,0.4407
1.0122,-0.40655,-1.453,-3.0357,0.52119
-0.53384,-0.60062,-1.0792,-2.465,-1.6212
1.389,-0.50227,-0.25076,-0.64862,-0.51635
1.6966,0.29872,-0.60651,0.35558,0.14288
0.12355,-0.66582,-0.9083,0.10543,-2.139
1.279,-0.55805,0.22939,-1.6985,-0.99315
1.1177,-1.1818,0.48512,0.16287,0.96401
-0.16585,-0.5478,-0.52768,1.1006,1.0679
0.11332,-1.6097,-0.86133,-0.69007,-0.89646
1.0156,0.4054,-2.6304,-0.60052,-0.75875
-0.83878,0.7318,-0.50595,-4.1107,1.9273
0.054472,1.1506,0.54538,-0.52207,-0.25632
-0.46733,1.6588,-0.81516,-0.44615,0.4533
-0.66422,-0.96863,-0.57203,0.65632,-3.5362
0.88345,-0.4985,0.1271,0.53506,0.62982
-1.0446,-0.90484,0.1663,0.43204,-0.6377
0.98418,-0.33469,-0.92076,1.5619,1.7431
1.9225,0.24652,-0.47238,-1.6813,-0.43422
-0.47167,-0.53794,-0.27065,1.2279,-1.0234
1.1497,0.71404,-0.36606,-2.1489,2.7304
0.036879,0.011912,1.3266,-0.47615,-0.81485
-0.029856,0.95924,-0.76854,2.5024,0.84496
1.2855,-1.447,1.7341,-0.64604,-2.0207
-1.2017,-0.22353,0.64251,0.33438,-1.7055
-0.94656,1.4372,-0.75698,0.10192,2.5327
1.6707,-2.0799,-0.28694,-2.2713,-0.54203
0.36384,1.5204,-1.9553,0.55345,1.6599
2.1395,1.2484,1.2686,-0.27343,1.109
0.9457,-1.3953,0.74524,0.59595,-0.45491
1.398,-0.19662,0.5157,-0.50584,-1.2941
0.86874,1.4651,0.21481,-1.5689,-0.6517
1.3075,-1.3856,-0.51165,-1.3734,-0.37279
-0.2747,-0.14377,0.11672,0.35788,-0.48761
0.39485,0.94466,-1.3483,0.17413,-0.74418
-0.73943,-0.174,-0.21808,-2.7848,-1.4004
-0.41943,0.60927,-0.25912,-0.27308,-0.45215
0.25163,-1.1897,-1.2307,-0.78512,0.10501
-1.4356,1.9048,0.28991,1.2448,-2.7841
-0.6322,-0.80238,-2.038,1.6899,-0.22047
-0.24641,-0.78832,0.18835,-1.6661,-1.2929
-0.22094,-0.60741,-0.82986,0.073818,1.1327
-0.098658,0.18039,-0.95103,-0.69573,1.1063
1.6287,0.90226,-0.57287,0.60037,-0.61682
0.26628,1.6585,-0.61864,-2.0429,1.7276
0.79544,-0.069549,0.26137,-1.5731,-0.50655
-0.62855,-1.1458,0.25282,-0.80455,-0.38652
1.1534,-1.126,-1.5539,-0.049451,-3.0057
-1.002,-1.6589,0.35107,-1.5498,-2.7427
0.27297,1.281,-0.6156,1.8692,-2.3485
-1.224,-0.59667,-0.34881,-0.044514,0.0062714
-1.2767,-0.023265,-0.90676,-0.021702,-0.52454
-0.90352,-0.032445,1.5456,-0.44726,2.9675
-0.44033,0.72744,-1.1383,0.89799,0.24033
-1.7487,-1.039,-0.93582,-0.18222,-2.3982
-1.445,0.59812,1.1515,-0.75788,-0.24903
1.2416,0.58261,1.5269,1.7655,1.0935
-0.46095,1.8022,1.9119,1.1074,2.0431
1.2575,0.67978,-0.60661,2.3501,-0.97729
1.2255,0.1537,-0.74222,0.52233,1.1704
-1.3025,-1.8888,-0.66444,0.80111,-0.92601
1.2608,-0.22782,-0.43427,-1.1215,1.6306
-0.40392,0.71085,-0.4389,-2.3425,1.4707
-0.37447,-1.4017,-0.87104,1.2997,-0.50871
0.12789,-0.86078,-1.2588,-1.7229,-1.257
-1.5106,-0.12981,0.64499,-0.88276,-1.9949
1.7397,-0.16733,-1.313,1.2534,1.8762
1.6828,-0.0061988,-0.44323,-2.0271,0.31947
-0.25752,-0.60222,-0.23833,-1.4436,-1.4292
-0.12175,-0.14344,-1.3966,0.13875,-0.63692
0.2545,-0.6036,-1.6014,-1.661,-1.6382
-0.47215,-0.35757,0.2593,0.0017543,-0.54927
0.19908,0.74699,-0.34712,1.5925,0.56681
-0.072965,-2.9222,0.78377,0.72146,-1.1998
-1.5832,-0.89697,-0.91169,0.079932,-0.58083
1.3487,0.12248,1.6002,-0.30935,2.1095
-0.51395,-0.66843,1.6603,0.36023,0.19555
-0.40435,0.64168,-2.5463,2.5739,1.0647
0.048481,0.43675,-1.9395,-2.0847,0.41094
1.2084,-0.48773,-0.84417,-0.84576,0.31001
2.2539,1.2942,-0.25043,-1.7077,3.0745
1.9711,-1.178,-0.37904,-0.29042,-2.0222
-0.94887,0.20646,0.084738,-1.977,-1.8366
0.82927,0.59256,0.86325,-0.3589,-1.8961
-0.60562,0.28265,-1.8366,0.3228,0.46466
0.73049,1.7041,-0.86429,0.39135,-2.7082
-0.43262,-0.90443,0.067521,-0.2998,-0.89497
0.51599,-1.0892,-0.69003,-0.075114,-0.44111
1.2244,0.25314,0.61612,-2.5508,-0.50483
-0.21605,0.75652,0.43024,0.97497,-0.86354
-0.6913,1.1487,-1.1113,-0.179,0.4285
0.70488,0.9583,-0.011521,-1.8433,-1.9909
2.0812,0.57763,0.76372,-0.010998,0.41581
0.45805,-0.37087,0.30142,0.82607,-1.3419
0.80678,-0.55108,-0.10611,-1.7592,-3.2543
1.211,0.76954,0.15924,-2.5497,-0.86906
1.4271,0.60421,0.69654,-0.85834,0.58514
0.25375,-0.49989,0.10346,-0.43141,-1.9697
0.62564,-0.11166,0.33708,-0.81904,-4.5004
1.0511,-0.17013,0.047894,-1.3462,-0.57863
0.51479,-0.15205,-0.62829,-1.4844,-1.3261
-0.20165,1.407,-0.48479,0.5126,-0.74753
1.6919,-0.94218,0.84521,-1.0977,-1.3454
-1.4582,2.2216,-0.22428,-0.46181,-1.2086
-0.10261,0.171,-0.73984,-0.34373,0.29617
1.5748,-0.1424,-0.50352,-0.81855,-0.69035
-0.18515,-0.97917,0.1405,-0.50309,-0.21665
1.1448,0.90941,-1.0124,0.16139,-1.0555
1.2665,0.42193,-0.18957,-1.705,-0.15865
-1.9039,1.1775,-0.13789,-0.65371,0.0046729
-0.93656,0.24179,-1.5238,0.48648,0.19536
1.0395,-1.036,-0.91206,-1.484,-1.6722
0.022155,-0.59316,-0.39102,0.58462,-2.9239
-1.6106,0.35506,0.15803,0.57749,-0.615
-0.89127,-0.7756,0.22521,0.14597,-1.3561
-0.67372,1.3515,1.9237,0.97877,-0.11696
0.44362,0.56411,-0.17746,1.4483,2.6109
-1.1852,1.3215,-0.31057,0.87739,0.13414
0.84193,-0.019995,1.4261,-0.99482,-0.6015
1.484,-1.0485,-0.57192,1.1344,1.3095
-0.66067,0.71801,0.055021,-1.3914,0.40161
-1.1177,-1.908,0.73284,-0.40553,-1.2724
-2.3203,-0.0073203,-1.579,0.53242,1.2451
-0.17753,-2.0122,0.072854,0.27392,0.87364
0.43672,-0.32544,0.4236,0.47807,-1.5045
-0.2568,-2.4098,1.1412,3.0737,1.2943
-1.2762,-0.98725,0.93331,0.7418,0.0078651
-0.060055,0.05799,2.5455,0.7946,1.9286
0.74276,0.77272,3.0714,1.0871,0.15522
0.35463,-1.1936,-1.6781,4.1064,-1.3821
1.3456,-1.117,-0.69079,-1.3535,0.88408
1.6437,2.5183,0.77846,-0.53766,2.0318
-0.76486,1.1754,-0.043257,2.3572,1.8643
0.95134,-0.36977,-0.041301,-0.31335,-0.74947
0.17254,-0.43421,0.5985,-1.2334,-0.16276
-1.2082,-0.16589,1.158,2.069,2.3098
-0.57958,-0.57694,-1.4077,1.6585,-0.68057
-0.84007,0.10601,1.1762,-2.1908,-2.6438
-0.32382,0.17276,0.57387,1.0393,0.85285
-2.1358,0.48543,-2.9388,0.9772,3.2299
-1.7065,0.70127,-0.89473,-0.97219,-1.4976
-1.6695,0.10103,1.5448,0.85381,0.14099
0.79654,0.89048,-1.4215,2.3469,0.13067
0.80183,1.0655,1.2854,1.5983,-0.66879
0.73856,-0.19521,-0.10757,0.45007,3.5661
-0.4242,-0.24419,-0.52692,-0.89755,1.567
-1.1614,-2.5846,0.71446,-1.4181,0.34803
-0.31601,-0.43906,0.65178,0.47204,0.12563
-0.048726,0.73895,1.6857,1.734,-0.92372
-0.93569,-0.95844,-0.07802,2.0475,-0.38638
-0.81114,-0.2737,0.10383,-1.6104,0.73058
-0.36201,0.012225,-1.0396,0.69329,0.67588
-1.4784,1.4946,-1.3083,0.16721,0.53162
-1.2873,1.3335,-0.67557,-3.0948,-0.67883
-1.2481,0.97948,0.25847,-0.94422,0.29478
0.66842,1.6591,-0.5495,0.40506,1.1705
-1.3139,0.39414,0.040455,-1.5616,-3.067
0.91237,-0.5905,-0.84662,0.22231,-2.0025
0.70457,1.3761,0.74021,-1.6,1.3516
-1.1112,-0.74771,-0.32394,1.4738,-2.7463
-0.15594,0.2799,-0.59548,-0.84162,0.66336
-1.1171,-1.3613,0.31701,0.46971,-1.5263
0.50238,-1.6713,-0.3696,3.3716,0.21586
1.9321,-0.98521,-0.58827,-0.30495,-3.2954
2.6389,-0.65232,-0.66189,1.5277,-0.37402
2.701,-0.14726,0.33746,0.51597,2.1587
1.7813,-1.8035,1.6496,-2.9239,-0.4978
-3.1046,-1.0882,1.6908,1.603,0.77458
0.047504,-0.0031593,0.026063,1.2053,0.96602
1.5391,1.0722,-0.49417,0.27501,-3.2692
0.55378,-0.43969,-0.65529,0.69058,2.0263
-0.9195,0.18029,1.3311,-0.87088,1.3466
-1.0932,0.08626,-0.97225,0.21321,0.83228
-0.057135,0.45917,-1.2224,-1.97,0.46117
-0.7453,1.4328,-0.40188,-0.3357,0.55966
1.9202,-0.57699,-0.662,-0.49268,-0.71791
-0.77308,0.39677,0.70742,-0.20186,-0.6533
-1.2249,-0.82443,-0.60145,2.1795,0.071529
-0.50327,-0.70469,-0.40605,-2.5104,-0.58532
-0.74086,-0.64069,0.14266,0.89714,-1.5279
-0.036909,1.3597,-2.4611,1.5376,2.7514
1.0664,-0.83032,-0.4996,-1.3644,-1.04
0.52066,-0.70143,-0.29412,-0.72488,-0.17722
-0.42175,1.9615,-2.084,0.69082,1.8055
1.4803,2.0524,-0.97849,-1.7399,-1.0895
0.59754,3.0773,-0.17921,-0.82058,1.6933
-0.51874,0.47378,0.117,-0.72535,1.9082
-0.22588,-0.92045,-2.2114,-0.69353,-1.0458
0.46705,-0.4734,-0.34483,0.45599,0.19085
-1.4928,0.059446,0.62063,0.053631,-0.49179
-0.084608,-0.68718,-0.041,0.20185,-1.7643
0.40202,-0.34306,-0.53687,0.72247,1.3324
-0.44475,-1.0761,0.90017,0.15341,0.5427
0.46003,0.43507,-1.3684,-1.607,0.13882
-0.98816,-1.8333,0.26032,-1.304,0.90896
0.88946,-0.80267,-2.2393,2.1995,-0.14759
0.096232,0.003442,0.3344,-0.57636,-0.65099
0.62576,0.80977,-0.23383,-0.9045,-1.1106
0.11412,1.5672,-0.23265,-0.070026,2.3276
-0.27633,1.0048,0.03607,-1.4584,-1.2825
0.69558,-0.94881,0.3801,-1.661,0.4543
-0.62413,1.2892,-0.13046,-0.68888,0.034369
-0.90239,1.454,-0.5753,-0.64673,-0.79188
0.092918,-0.53155,-1.243,0.15536,-2.2643
1.156,2.0838,0.33156,-1.6496,-1.0657
0.64232,-0.47279,-1.7966,1.5653,-0.21791
-1.6664,-0.50478,-0.64715,-1.8133,-0.60341
0.097496,1.1898,-0.66863,-0.81572,-0.67019
1.5336,-0.6007,-0.1555,-1.1238,0.67605
-1.0211,1.3073,-0.58507,-0.051438,-2.0097
-0.78725,-0.11882,-0.47385,-1.0383,-0.5193
-0.1564,-1.4155,-1.7177,-0.31278,-1.994
0.15763,-1.1051,2.0584,0.024429,-0.41918
1.2128,-1.0236,1.1675,1.6437,-2.0424
0.28227,-0.33842,0.47835,1.7601,-1.2509
0.64698,-0.33891,-0.17461,0.6417,-0.70757
-0.071046,0.23423,-0.90626,-0.93458,2.1488
-0.35618,-0.47278,-1.2166,-1.574,-0.19158
-0.49955,-0.8046,-1.5575,-1.9283,0.38698
-0.47596,0.88599,-0.38303,-0.91143,-1.6828
0.9868,-0.18872,-0.30956,1.0041,-1.2217
-0.67445,0.71382,0.63513,0.2758,-0.75982
-1.1727,-0.24567,-0.81354,-0.33292,0.29325
-2.0518,-0.19358,0.042501,-1.7812,0.70375
-0.13723,0.43571,-0.2358,0.66167,-0.22352
1.048,1.3251,-2.9102,0.067775,-0.83336
0.65717,-0.52733,1.794,0.20227,-1.7684
0.30853,0.08777,0.44406,1.9354,0.97995
-0.79321,0.53366,-0.21193,-0.016336,0.61912
-0.20839,0.95737,0.3603,-0.73782,0.052054
1.001,0.46136,-2.2879,2.5269,1.5505
-1.1784,0.70453,0.96645,-1.0113,-0.030361
0.65535,-0.51404,-1.5751,2.0593,-0.7631
-1.3118,-1.7909,-1.8246,-0.80844,1.5492
0.36601,-0.15026,1.6,-1.0834,-2.3469
1.18,0.40011,-0.65933,1.4668,1.5672
0.89987,0.096446,-1.2413,-0.6144,-1.3864
-0.19816,0.048067,0.42383,-1.4314,-1.6526
0.51706,0.94216,-1.0466,0.39227,1.6483
0.91108,-1.1246,-0.98865,-0.37781,-0.5446
0.97717,1.1535,0.75528,-0.90705,-0.87293
1.3697,1.3163,-0.40321,2.9884,1.0088
2.4116,-0.59336,-1.6583,-0.81181,-0.43526
0.17036,0.68502,2.7756,-1.0828,-1.5689
-0.80772,-0.18795,0.17349,-1.1392,4.4819
0.33141,0.7627,-2.8076,-1.1156,-1.0399
-0.046925,1.5977,1.1978,-0.0016323,-0.84164
-0.26722,1.2209,-0.88429,0.65459,-0.14178
1.7466,-0.61127,-0.93348,-0.38409,-0.85944
0.41232,-1.1509,0.55215,0.73654,-0.48183
0.46023,1.0716,-0.47291,-1.7648,0.86038
-1.0782,1.1354,2.9792,-0.42386,-1.8924
-0.36598,0.64608,-0.017816,2.4823,1.6468
0.54925,1.7861,-0.57922,-0.35491,-3.2606
-1.6028,-0.68218,0.68576,0.69771,-1.1261
0.93223,-0.70154,-0.33666,0.96945,3.6251
0.84575,0.37255,-0.0058211,-2.0152,0.55597
-0.39616,1.9221,0.69359,0.080442,0.0071936
0.66378,0.26303,-2.6986,-0.38154,0.62926
0.48005,-0.018575,-0.27078,-0.2383,-1.6337
1.6144,1.0708,0.01586,0.13412,1.1366
-0.68667,-1.5101,-0.39404,-0.7686,0.51662
-0.74874,1.7779,0.37362,0.69265,1.2308
0.033906,1.0396,-0.88643,-1.9364,0.21722
-0.12843,0.01601,-0.098909,-0.68077,-1.8852
1.778,-1.2884,-2.0066,3.3319,0.99386
0.67953,-0.423,-0.89755,-3.4716,-2.5781
-0.48266,-0.074211,0.063423,-0.99956,-0.73031
0.17321,-0.42916,-0.6584,-1.2053,2.1504
0.6222,-3.2526,-1.8223,0.91021,-4.5487
-1.8828,0.11409,0.50043,-1.5346,-0.88644
-0.028655,1.259,2.7423,-0.39539,-0.2833
0.48003,0.44517,-0.034788,1.4033,2.1584
-0.31639,-0.048422,0.88241,1.3306,0.57608
0.22103,-0.15042,0.50215,-0.22463,0.10215
-1.587,-0.69691,2.5064,-0.71128,1.7812
0.51402,0.51975,-1.9119,1.0293,2.0827
0.91186,0.57638,-0.016276,-0.63072,0.56898
1.4887,0.31441,0.79467,0.20995,-3.0842
-0.21741,0.10835,0.16375,2.2621,2.136
0.81467,1.9658,1.2165,0.71549,0.69612
0.40147,-0.41013,-1.0297,-0.90582,1.1086
-1.9288,0.67814,1.1137,-0.47264,-0.43379
-0.93664,0.38562,-0.75958,0.49396,0.25581
-1.3334,-0.24886,0.57593,1.232,-0.5981
0.87771,-0.21593,0.051521,2.5525,-0.017083
0.98651,-0.89813,0.69772,0.88637,-1.2214
-1.5664,0.54095,-0.50212,2.172,1.5156
0.028641,1.8016,1.7159,-1.3271,1.8281
1.9207,0.37772,-0.0064691,1.4854,1.2087
1.372,1.1688,-1.0277,0.25282,1.8414
-0.088602,0.067594,0.14964,-1.6368,-0.51975
0.13692,0.28735,-0.54248,-0.40833,1.9703
1.152,0.15613,-1.3994,0.14801,-0.43216
1.4663,-0.23687,-0.26674,0.36925,-0.90194
-0.97204,1.4086,0.89428,-0.80993,0.76983
0.98511,-0.96548,0.83109,0.22288,0.079233
0.36117,1.4417,-1.451,-1.2257,0.88486
0.63029,-0.46221,-0.13625,-0.46272,-0.0018121
0.90787,-0.31483,-1.1419,0.065183,0.9259
0.11662,1.7091,2.1675,0.72022,-1.5993
0.54316,1.109,0.15354,0.42549,0.18715
-0.6141,-0.7001,-1.3656,0.1022,-1.5814
-0.55912,-0.4814,-0.53465,1.424,-0.75309
-0.52514,-0.95722,2.3061,1.0449,-0.73041
0.048457,-0.19336,-0.034541,0.47854,-0.0091097
-1.1845,-2.1063,0.70243,1.5619,1.4313
1.0282,-2.0816,0.7894,0.36368,2.3033
-1.6983,0.89754,0.023303,-0.12718,1.6773
1.6937,-0.028839,2.3545,-1.1127,1.9108
1.4447,1.9284,0.22604,0.28132,-2.2407
-0.80112,0.62953,-0.0021378,0.83266,-0.4217
-0.49419,-1.169,0.87096,-0.69678,-2.2434
-0.86209,0.19558,1.2759,0.5996,0.27539
0.66085,0.94242,-1.5434,2.6878,1.0385
-1.6299,-1.0816,1.0192,1.3786,0.55109
-0.79101,-1.4919,1.2792,2.1348,-0.75271
-0.71413,-0.58245,-0.61974,1.3265,2.4542
-0.69964,0.20736,0.19192,2.0611,0.87631
-0.70597,0.33836,0.8578,1.2369,3.8954
-1.4564,-0.9861,0.83182,1.1866,1.437
0.8493,-1.7826,-1.3289,1.7915,1.8223
-2.3149,1.2851,1.0789,0.33347,3.3433
-0.71141,-0.48493,0.87045,1.4417,1.9649
2.2599,1.8885,0.63855,-0.043397,1.1843
-1.1099,1.6396,0.46168,1.847,0.94268
0.19902,1.979,0.029979,-0.47129,1.083
0.88035,0.07544,1.0696,-1.0739,0.66283
0.96994,1.4956,0.2094,2.6026,2.1341
0.57538,-0.050914,-0.20032,-0.099499,0.48217
0.77033,0.66779,-0.75263,-1.66,-1.078
-0.92136,-2.137,0.6889,-0.78532,1.2238
-0.71106,0.87286,-1.0619,0.6016,-0.28577
-0.50515,1.1746,-0.84397,0.047855,-2.0183
-0.26331,-1.0933,0.43077,0.97703,0.66898
-2.7118,1.1237,0.014212,1.6079,0.015226
1.0418,-0.70228,1.286,1.0734,0.71809
-2.5667,0.82184,-0.20533,0.6072,-0.34447
0.59319,0.063612,3.4033,2.2345,2.1847
-0.62237,-1.4639,-1.4447,2.3051,2.1172
-0.82519,-0.95022,-0.24203,2.0007,0.36443
0.81139,-0.97954,0.5846,-0.63893,2.8698
-1.0482,-0.27125,-0.10858,0.14068,2.1128
-0.36864,0.14728,0.40055,-0.13826,2.3108
0.50128,-0.37188,-1.2116,-1.1458,-2.0548
0.61461,0.68973,0.67644,-0.86468,-0.053902
0.25229,2.5397,0.52795,0.61841,-1.208
-1.0829,1.1083,-1.1611,-0.32516,0.88116
-0.37702,0.051115,-0.10759,-0.82532,-1.5252
1.0301,0.066728,0.29455,-0.51955,1.0276
0.90234,0.25905,-0.85923,0.30823,-0.85184
1.8295,-0.45451,-0.55817,0.28614,-1.928
-1.172,1.625,0.41942,0.24358,-0.64356
0.76253,0.9468,0.56855,-0.78697,0.71901
0.02821,3.8141,0.16448,-0.73063,0.87875
1.7455,0.70815,1.4753,1.6897,-0.40032
1.2323,-0.84181,0.72876,2.3584,-0.63323
-1.0804,0.87878,1.6163,1.6246,-1.024
1.2302,-1.3182,2.1454,-0.5092,0.13635
0.47247,1.2252,1.0865,-0.044352,1.7843
-0.48432,-0.12841,-1.5036,2.1533,2.4408
-0.13431,-0.15974,0.80024,-3.1032,0.011315
-1.4951,-0.67971,1.9429,1.8593,0.96654
0.042758,0.9812,-1.8365,1.1561,1.4991
-0.82715,0.44255,-1.0471,-0.67342,-1.4224
-1.5336,0.10113,0.25733,0.03946,2.8848
0.69591,-0.9962,-1.118,-0.90844,1.4472
-0.66976,0.026656,-0.87571,-0.95156,-0.73438
-0.78882,-0.23519,-0.15724,1.3746,-0.48128
-1.4561,-1.1117,0.98466,-0.32017,-1.1619
-1.3974,-0.50173,-0.3022,-1.327,-0.26965
1.2956,-0.42323,-0.16395,-0.010658,0.79589
-0.6524,0.58513,-0.2025,1.1366,-2.01
1.155,0.70114,0.85037,-0.10021,0.21869
0.54787,-1.3376,1.3437,-1.3922,-0.63728
-1.2027,-0.81418,-1.1927,2.4301,1.3616
-0.85142,-1.1031,-0.83298,-1.8813,-0.43022
1.6288,-0.68609,-0.19531,-0.63711,-2.1436
1.938,1.3736,0.28602,1.28,2.031
1.4247,0.9052,-1.1808,1.4485,-1.3903
-0.88176,0.99677,0.082604,-0.81042,0.35099
-2.0709,0.66899,-0.055578,0.183,0.61308
1.067,-3.0537,-2.3679,1.1251,1.8236
0.91946,-0.068275,-1.0134,-0.67529,-0.69916
-0.92735,-0.99094,1.2928,-0.77995,0.44164
1.8606,1.5528,-0.55251,-1.0584,1.2951
-0.70235,0.36528,0.88496,-0.85314,-0.39276
0.61398,2.2994,-0.35994,2.5708,-1.2853
-1.3792,-0.1367,0.577,-0.96385,-2.8182
0.90829,-0.008107,-0.93568,1.7405,-1.6975
0.30812,1.5745,-0.85031,-1.4421,2.3473
-1.4255,-1.2075,0.45912,-0.082369,0.14234
0.31151,0.10269,0.98384,0.86123,1.8071
-1.187,-0.29408,-0.93068,-0.96415,-0.24421
-0.35116,-0.24751,0.30866,1.1695,0.70285
1.1914,-1.2018,-0.37865,-0.74967,3.2719
0.91748,0.37522,0.80664,0.45824,-1.3591
-2.0774,0.10777,-2.007,0.77016,2.3204
1.3543,-2.2824,0.2126,-2.1084,-0.14255
0.53363,-1.0449,1.1294,-0.65449,-1.1008
-0.11468,-0.4466,-1.198,1.0791,-0.002604
-0.63525,0.41497,-0.74945,-0.52759,-2.2632
-0.17988,0.16375,-0.46473,-2.5268,-1.5335
-0.50946,-0.97323,0.5188,0.6271,1.4033
-1.27,0.59951,-0.47923,0.58203,-1.4339
-0.83188,-0.82266,0.72906,-2.1251,-1.4424
0.23589,0.015551,-0.42372,0.059119,0.94002
0.37921,0.1031,0.47969,0.49737,0.28481
0.23612,-0.25208,0.90782,0.17464,-0.99137
0.67739,0.019384,0.70412,1.4338,-0.1507
0.77953,0.39941,-0.59401,-0.048244,1.485
-1.047,1.9422,-1.5519,0.42393,-1.3673
-1.9396,-0.39121,-0.2063,-1.2965,1.1803
1.1451,-0.44537,-1.6966,-0.26819,0.56334
-0.1111,-0.54855,0.7696,-1.5157,1.6627
-2.1448,2.8132,-0.93643,1.3772,-1.4616
-0.48785,-2.4185,-1.1721,-0.04393,1.001
-0.34712,0.37072,0.78156,0.76311,0.65903
-1.1222,0.82812,0.52254,2.3217,-0.015927
0.45276,0.91827,-0.19747,0.85605,1.1101
0.54966,-1.0608,0.73103,0.08954,-0.57081
-0.31666,-0.3452,0.55096,1.1391,1.1544
-0.049368,1.0568,1.3855,-0.2068,0.34887
0.93699,-1.2721,1.2164,0.22854,-0.3833
0.017357,-1.0041,0.17588,0.19324,-0.85838
0.17817,0.80711,-0.26885,1.6036,-0.66075
1.0979,-1.4442,1.3949,-0.62225,1.9701
0.44668,-0.7179,0.25417,2.2152,-0.080386
-0.52872,-0.96135,0.017342,-0.77644,0.97205
-1.0622,0.2223,0.75935,-0.33639,-1.4837
-1.1618,-0.44699,-0.75188,-1.105,2.6388
1.4535,-0.188,1.4097,1.3897,-2.1345
-1.0174,0.030378,-1.7883,1.6046,-1.3686
-1.5438,1.2949,0.26422,-1.3814,-0.29385
1.6906,-0.99613,1.191,0.63511,2.4092
0.29085,-0.78626,-0.14877,1.9038,3.5226
1.4169,1.4881,0.67038,0.41634,-2.5003
-2.2676,-0.16019,1.549,0.2778,0.18501
-0.66696,-0.065397,-0.15012,0.046293,-0.52142
0.014906,0.25168,-0.62297,-1.7772,0.84367
1.2296,-1.5567,1.2694,2.1196,-0.18948
-0.84325,-0.12216,-1.9548,0.69725,0.70552
1.3728,-0.18971,0.32363,-1.4031,0.67625
-0.34552,0.42189,0.72663,0.303,1.8989
1.4586,-1.2242,1.1568,1.4072,0.20677
0.3824,0.3991,-1.8612,-1.1413,-1.8654
-0.90719,0.039116,0.44078,-2.3307,-0.47428
1.1045,0.014569,-0.64113,-1.2353,0.27886
-0.17308,0.22658,0.47901,-0.82603,-1.3754
0.68084,0.87459,1.5614,0.979,-1.8169
1.5975,-0.21754,0.18344,0.95133,-1.2984
0.2043,1.8957,2.3361,0.079555,-0.53302
0.32384,-0.344,-1.0481,0.9529,1.3856
0.61411,-1.1801,0.71683,-1.2064,0.65351
-1.3467,-0.69817,-1.4267,2.2447,0.90152
-1.5061,0.69877,0.65959,-1.8894,0.47327
-1.1009,0.088,1.0019,-0.38689,-1.1321
-0.65158,-1.0565,0.91583,1.571,0.95038
0.18218,0.033679,-0.16498,1.2856,-1.726
0.39147,0.47722,1.7593,0.60025,-0.16793
0.30221,-0.41107,-0.15212,1.8164,1.379
-0.31157,-0.15142,-2.0176,1.3803,-0.2426
2.6015,-0.21463,-0.249,-1.0295,1.3766
0.70334,-0.3785,0.1661,-0.56439,0.018941
-0.38709,-0.065522,-0.40068,0.33294,0.24383
0.48946,-0.079227,-1.2408,-1.5997,0.42741
-0.40494,0.2024,-1.6374,-1.7041,0.03757
0.3216,-1.2844,-1.0373,-1.419,-0.71226
1.0001,0.026553,1.2492,-2.7168,-0.44439
-0.17917,-0.30288,-0.0064837,1.2539,-0.88983
1.158,0.7272,0.32869,0.40946,-2.2582
-0.71146,-3.387,-0.47735,-1.0178,-3.0049
0.68515,1.7023,0.65482,0.71294,0.69243
0.96745,0.20859,-0.33096,-0.81627,0.14359
-0.23817,0.2726,0.30633,0.38952,-0.72793
0.46301,1.4398,-0.70064,-0.61361,-0.068058
0.4512,0.66871,1.8909,-2.6417,-0.29208
-1.7012,0.49529,0.60928,2.0734,-0.177
-1.2219,-1.5519,-2.0851,0.42787,-0.55212
0.39838,-0.23722,0.63747,-1.8146,-4.5684
-1.8632,-1.9868,-1.8616,1.4492,0.93579
-1.8039,-0.13593,0.86718,0.56611,2.5215
-2.0168,0.50568,-1.1891,0.30329,-2.2512
0.061935,-0.72453,0.72665,1.6279,1.5173
0.65226,0.33994,0.43891,2.6616,0.86123
1.0612,-0.68175,0.17778,0.72766,0.87498
0.58128,-0.56591,0.78704,0.2166,2.4247
-2.1593,-0.36996,0.27803,-2.1985,2.9354
0.69588,0.32917,0.25747,0.10688,1.5764
-1.1647,-0.64139,0.12746,-2.3062,-0.30092
-0.38579,0.80695,-2.2907,0.3325,-1.2886
-1.507,0.75624,-2.1375,-1.8357,-0.59506
0.078596,-1.6536,-1.1565,1.0273,-3.5764
0.21823,-0.68812,-0.66323,1.5399,-0.90866
0.55101,-0.80334,0.063138,-0.2369,-2.2874
0.80177,-0.85436,0.95861,-0.86334,-0.10025
-1.1948,-0.56092,-1.1008,0.7779,0.61836
0.56832,-0.47074,-0.39588,-0.60222,-1.0291
-0.18724,-0.064727,-1.9049,-0.80865,-0.90395
1.3737,0.049772,0.036657,-1.009,-0.34722
-0.5224,-0.38435,-0.5917,-0.97099,-0.36212
-1.7233,2.1198,-0.50619,0.73636,0.13657
1.1778,-1.2689,-1.1497,-2.2725,-0.28014
0.40555,-1.7076,1.8545,-0.48098,-0.96459
1.3001,-0.22448,0.48103,1.1716,1.4798
-1.3438,1.5274,2.1957,-0.89784,-1.2292
-1.072,0.23639,0.12855,2.4613,-0.28203
-0.58175,0.78009,1.6255,-1.7789,0.62137
0.99647,-0.84284,1.5623,2.6304,-0.97256
-0.64749,0.23437,-1.0622,0.647,4.505
2.7468,0.49461,1.4178,0.016845,-3.0555
0.20317,-0.89746,-0.49206,-0.037876,3.1931
-0.79108,-0.73986,0.53113,0.21663,-0.79183
0.39965,-0.01592,-0.11823,-0.66568,0.64405
-0.46828,0.55644,-0.012844,-1.6968,-0.67444
-1.1676,0.15725,0.044283,-0.1986,0.57034
0.63349,-0.014515,-1.6818,-0.40355,-0.62773
-0.12547,-0.26612,1.7361,-1.7783,-2.8044
-0.83804,-0.43103,0.0019248,0.87441,-1.7524
0.26837,-1.2049,-0.040627,-0.48049,-1.6684
-0.35556,0.80176,-0.017779,-0.66371,-1.1236
0.11772,0.31352,0.92215,1.5841,-0.64013
0.069269,0.096092,1.7036,0.43373,-0.17894
0.010142,-0.4956,0.16702,0.77922,0.14636
-1.0709,1.0306,-0.76542,-0.76407,0.24596
-0.42898,-1.8085,0.80355,-1.6617,1.0189
-0.042841,-0.49094,0.48069,1.4606,2.4946
-0.31081,-0.74797,0.27672,0.082655,-3.5411
0.77797,-0.2541,-1.0602,1.3706,-2.7038
1.4317,1.7008,0.95508,-0.50551,0.16214
0.39945,0.61188,-2.9508,0.45388,1.1588
0.41198,1.3877,-1.7445,-3.0187,-0.27411
0.37897,0.35409,-0.28315,-0.8552,-1.2285
0.44191,0.54615,-1.7227,0.26146,-1.6418
-0.79184,-0.59851,-0.47957,-0.63035,-1.6349
0.89609,-0.24938,0.20249,-0.13765,0.48863
1.5304,-0.92975,0.82771,0.9475,0.51383
0.4031,-1.5206,0.6698,1.7111,-0.10396
0.86607,-0.60604,-0.10864,1.4427,-1.1876
-0.16593,-0.83577,-0.62409,0.63851,1.6099
-0.35019,1.3494,0.37561,0.15225,2.0728
0.23108,0.25023,1.5456,-0.7694,0.55742
0.1445,-1.8998,0.65203,2.4198,2.5339
-0.35406,1.1421,-0.69353,-0.26706,-0.4265
0.80582,-0.45629,0.75564,-0.28248,-0.69795
0.87664,1.992,2.2784,0.24656,1.7719
-1.964,0.289,-0.69523,2.0885,0.13901
-0.19346,-0.61151,0.23178,-0.32618,0.80297
1.5762,-0.74059,1.0022,-0.18469,0.53765
0.29603,-0.27118,0.24623,2.6837,0.33154
0.48369,0.33945,1.5991,1.4126,-0.81685
-0.52155,-0.39794,1.8259,-0.42464,-0.34891
-0.72838,-0.23082,1.2362,1.6464,3.0621
-0.021429,-1.3252,-0.20312,-0.20407,1.7032
0.64274,-1.0485,-0.34352,0.27452,-0.82033
0.26432,0.134,-0.81141,0.83741,-1.9385
0.52008,1.2052,0.17524,0.085076,-0.2647
1.1774,-0.025752,0.54098,-2.0745,1.2787
-1.0303,1.0716,-0.7909,-0.82369,0.44242
0.31421,1.2442,-0.86644,-0.77663,-0.24106
-0.025933,0.95036,-0.98733,-0.76967,-2.3506
-2.4741,0.074077,-2.1981,-0.30492,-0.5327
1.0994,-0.23865,0.4423,-1.8125,-0.066927
-1.1049,1.1658,0.88094,0.96962,0.33248
-0.15016,0.9,-0.45964,1.682,-0.36539
-0.48208,0.29743,0.80198,-0.67963,-1.8172
-1.2172,-2.0399,1.2894,1.4305,1.6798
-1.5885,0.11422,-0.4168,-0.998,0.27603
0.4162,0.40468,0.53712,-2.1655,-1.5871
-0.51337,-1.0596,-0.40806,-0.17528,1.1233
-1.9492,-0.63053,-2.1153,0.25649,-2.0745
-0.24221,-3.0602,-0.99634,-1.5963,-2.5187
-0.32676,-0.1873,-1.2216,0.27566,0.414
-0.67693,-0.58841,-1.454,-0.26135,-0.19764
-0.079337,-0.54549,0.50894,0.1493,-1.1533
-0.90228,-0.96148,-1.1193,1.621,0.0047077
0.0073556,-1.7079,-1.3806,-0.19773,0.63292
-0.81437,0.53108,0.090366,-1.0368,0.59159
1.301,1.0587,0.87432,1.3109,1.2462
1.3428,-0.17357,-1.3221,0.94113,-0.94017
0.2751,-1.1548,-0.21954,-0.3917,-0.26635
0.4553,-1.0816,-1.5562,0.24754,0.41554
0.12271,-0.51601,1.0511,-0.42477,0.6607
1.1229,-1.1487,1.1231,1.8454,-0.093728
0.20602,0.033542,-1.2009,0.68219,0.42918
-1.0619,-0.18679,2.0435,0.21659,-1.1556
-0.28863,0.64487,0.10738,0.52658,2.0317
0.39024,-0.28488,0.33824,1.2147,-0.32279
-1.1358,-0.44016,1.5814,1.1788,0.83412
2.1887,2.604,2.2289,1.4388,-0.23768
-0.68333,1.6539,0.99217,-1.4878,1.166
-1.5003,-0.45996,0.18246,1.5921,0.0041471
1.0259,-0.8538,-0.50259,-1.442,2.7844
-0.58511,1.9384,0.5916,-1.5436,0.069678
-0.27668,0.25097,-0.38443,2.0322,2.4451
-0.44582,-0.27725,-0.0049424,-2.0765,0.59406
0.36313,1.4491,-1.3689,-1.1425,-1.181
0.40448,0.16991,-0.61526,-0.6804,0.67068
-0.77891,0.98091,-0.18321,0.93151,-1.8071
1.1876,-0.83377,-0.56279,-1.7638,-2.5693
0.4619,-0.055811,1.2218,-1.3659,-1.3303
1.0389,0.46717,-0.49128,0.96399,1.0648
1.1704,-0.5322,0.79493,-1.5284,0.2123
-0.19205,-0.25209,-1.0112,0.70697,-1.1049
1.3461,0.63301,-1.8493,-0.93402,0.32651
0.26668,-0.07241,0.33597,-1.3899,-0.51503
1.3745,1.957,0.16059,-0.85964,-1.1334
-0.04398,-1.4998,-1.9255,-0.68819,-1.6544
-2.2712,0.34879,1.002,-1.7163,-1.7015
-0.59088,-2.2777,-0.35357,1.582,-1.0975
0.5883,1.4876,-1.5418,0.8053,-0.22345
-0.8804,0.51121,-0.273,2.0515,-2.3873
0.01825,1.1436,-0.54946,1.0147,2.2873
0.48836,-0.52,0.69322,-0.7108,0.14889
0.2472,0.06718,0.49518,1.2762,2.5694
-0.60193,-1.6586,0.25935,-0.043869,0.29584
-0.8855,-1.3177,1.0418,-1.7071,-0.40644
0.87843,-0.74913,0.071627,0.29339,0.78659
-1.492,-0.85854,-1.5114,1.9981,-1.5769
1.5674,0.31225,0.21341,0.68863,-1.9687
0.85539,-0.60949,1.5382,-0.51935,0.011707
-1.1375,1.2275,-1.4292,1.9895,1.6048
-0.93687,-0.22375,0.46119,-1.7769,0.3352
-0.65904,0.37092,1.5058,-2.2165,0.82321
-0.41365,0.18934,-0.2947,2.4216,1.3539
-0.66458,0.88282,-1.7758,0.98138,-1.4969
0.52905,0.29227,0.95896,-1.1583,-1.4767
-0.032306,-2.2566,2.6711,-0.32052,2.216
-0.22145,1.5316,1.6755,3.8027,2.1142
0.70565,0.30662,0.14468,0.85626,1.9942
0.23636,1.2546,0.43185,1.2591,-0.83902
0.33386,-1.7496,1.4488,-0.57838,3.4138
0.68927,-0.20029,-0.20619,-1.7157,2.3772
0.76588,0.21284,-0.80989,-0.35086,1.2027
2.1454,1.3687,-0.35987,-1.6457,-0.12136
0.40048,1.0487,-1.867,-0.22264,-1.413
0.94299,-0.2961,-0.63907,-0.55009,-0.50616
0.18687,-1.7189,0.16129,-2.1953,-2.9973
0.45861,1.6572,-0.070105,-1.3095,-0.76696
0.8793,-0.47246,-1.3657,-0.90535,-0.83668
-0.50461,0.78364,-1.8222,-0.0062849,0.40151
2.261,-0.12024,-0.81553,-1.7775,-1.6539
-0.87117,1.5325,0.53453,-0.95497,-0.70212
-0.57125,0.10867,-1.2372,0.68262,-0.35951
-0.52007,1.7211,0.41286,-2.5945,-2.9754
-0.86888,0.8622,-2.0636,2.235,0.088624
0.97237,-0.19536,-0.50695,-1.0188,1.1976
1.3443,0.831,1.7691,0.81691,-3.7273
1.6951,0.31383,-1.1686,0.43292,1.7228
0.5649,-1.0498,0.8811,-1.8673,-1.5664
1.0393,0.54539,1.5116,1.623,1.6534
-0.54226,-1.3332,-0.21033,-1.0473,-1.0778
-0.2081,-0.38317,0.30815,-0.26973,-1.3458
1.4442,-0.20304,-1.2334,1.5318,2.3483
-1.0635,-0.028659,-0.35123,-1.3419,-1.5286
-1.3497,0.78865,0.10228,-0.36234,-0.56697
-1.2809,-0.7088,-1.5829,-0.47956,2.9622
-0.025869,0.88784,-0.94616,-1.1532,-1.4132
-0.277,0.076853,-1.3634,-0.65803,-0.6257
0.78692,1.0594,1.567,-0.82012,-1.2052
-0.62455,0.48053,0.78454,0.62656,0.61542
0.19212,-1.2974,-0.71306,1.4636,0.077355
-0.36726,0.88997,2.2133,-1.3244,-2.0165
-0.75787,1.5903,-0.9166,0.28949,1.5736
1.878,1.6743,-1.1872,0.10374,1.4402
3.3017,0.87003,-1.4529,-0.73067,-1.0508
-0.83546,-0.69668,0.34719,-0.45963,1.545
-0.23464,1.0333,1.3145,-1.6891,-0.2992
-0.35289,-1.2522,-0.51178,-1.2721,-2.4079
-1.6852,-0.41219,0.58082,-1.6967,0.97054
